token	token_id	cluster
king	5822	10
queen	16599	10
man	582	4
woman	2415	4
python	21015	10
India	3794	0
water	1660	4
happy	3772	5
computer	3644	4
the	262	9
an	281	9
to	284	9
of	286	9
in	287	9
and	290	9
th	294	2
re	302	11
be	307	2
is	318	9
on	319	9
that	326	9
for	329	9
st	336	11
he	339	9
it	340	9
you	345	9
wh	348	10
with	351	9
as	355	9
we	356	9
con	369	11
was	373	1
at	379	9
se	384	11
pro	386	4
ha	387	11
are	389	9
de	390	9
or	393	9
com	401	7
not	407	9
ex	409	4
by	416	9
from	422	9
have	423	2
su	424	11
sh	427	11
this	428	9
al	435	4
ch	442	4
le	443	11
ab	450	4
pl	458	11
can	460	9
his	465	9
do	466	2
go	467	2
has	468	9
sa	473	10
but	475	9
wor	476	10
all	477	9
will	481	9
whe	483	10
they	484	9
tr	491	7
int	493	11
ne	497	10
me	502	9
out	503	9
who	508	9
up	510	9
their	511	9
ad	512	9
us	514	9
more	517	9
so	523	9
one	530	9
said	531	1
your	534	9
cl	537	11
cont	542	10
which	543	9
im	545	2
about	546	9
were	547	1
had	550	1
en	551	9
comp	552	7
un	555	11
ag	556	10
would	561	9
off	572	9
te	573	10
res	581	2
per	583	9
other	584	11
been	587	1
like	588	9
dis	595	3
any	597	9
app	598	8
sp	599	11
them	606	9
her	607	9
ar	610	4
if	611	9
there	612	9
pe	613	5
year	614	8
my	616	9
some	617	9
when	618	9
than	621	9
over	625	9
qu	627	11
sc	629	11
also	635	9
part	636	11
kn	638	10
bec	639	10
time	640	11
what	644	9
no	645	9
new	649	11
get	651	2
just	655	9
into	656	9
people	661	4
pre	662	11
its	663	9
rec	664	2
tw	665	10
work	670	3
she	673	9
our	674	9
him	683	5
ro	686	10
only	691	9
spe	693	10
acc	697	3
bl	698	11
how	703	9
after	706	9
att	708	10
play	711	2
could	714	1
am	716	9
first	717	9
act	719	3
comm	725	1
fe	730	10
bet	731	10
two	734	11
back	736	9
under	739	9
may	743	9
po	745	10
des	748	10
most	749	11
did	750	1
add	751	2
inc	753	10
pol	755	10
again	757	9
know	760	2
need	761	2
cons	762	10
co	763	4
want	765	2
see	766	2
even	772	9
ind	773	10
these	777	9
pr	778	2
use	779	3
because	780	9
fl	781	11
now	783	9
make	787	2
then	788	9
every	790	9
sec	792	10
em	795	4
inv	800	10
supp	802	10
look	804	2
bu	809	10
where	810	9
years	812	7
diff	814	10
should	815	9
rem	816	10
ev	819	10
rel	823	2
def	825	2
right	826	9
sy	827	10
through	832	9
way	835	8
don	836	2
ass	840	10
reg	842	6
very	845	11
includ	846	10
imp	848	11
sub	850	4
being	852	9
does	857	9
br	865	10
down	866	9
many	867	11
call	869	3
ph	872	4
dec	875	11
before	878	9
well	880	11
much	881	11
those	883	9
such	884	9
ke	885	10
end	886	4
long	890	11
think	892	2
bel	894	10
sm	895	10
own	898	3
prov	899	10
set	900	9
show	905	2
pres	906	10
ob	909	10
say	910	2
eff	914	10
gu	915	10
inst	916	10
ent	920	3
good	922	11
start	923	2
made	925	1
hel	932	10
ac	936	7
mon	937	4
last	938	9
stud	941	10
min	949	7
col	951	10
mod	953	7
count	954	2
fin	957	10
str	965	1
point	966	8
sur	969	10
used	973	1
same	976	11
differe	980	10
while	981	9
game	983	8
sim	985	10
inter	987	4
report	989	3
produ	990	10
still	991	9
here	994	9
world	995	4
though	996	5
num	997	10
ret	1005	2
ref	1006	3
trans	1007	4
take	1011	2
conf	1013	2
going	1016	5
sl	1017	11
Americ	1019	10
spec	1020	10
hand	1021	11
between	1022	9
ear	1027	10
against	1028	9
high	1029	11
exp	1033	10
op	1034	10
ins	1035	7
gr	1036	11
help	1037	2
requ	1038	10
found	1043	1
person	1048	8
great	1049	11
sign	1051	3
somet	1054	10
ser	1055	10
run	1057	2
ter	1059	10
follow	1061	2
det	1062	10
find	1064	2
mem	1066	10
cr	1067	11
ext	1070	10
team	1074	8
system	1080	8
lead	1085	2
around	1088	9
govern	1089	10
cur	1090	11
cour	1093	10
car	1097	4
law	1099	4
read	1100	2
real	1103	11
support	1104	3
really	1107	5
fact	1109	8
day	1110	4
both	1111	9
serv	1113	10
three	1115	11
wom	1116	10
med	1117	2
exper	1121	10
each	1123	9
che	1125	10
cre	1126	10
rep	1128	3
grou	1132	10
met	1138	1
says	1139	1
during	1141	9
fam	1145	10
happ	1147	10
char	1149	10
gener	1152	10
cor	1162	10
offic	1163	10
too	1165	9
inf	1167	11
public	1171	4
prog	1172	10
war	1175	4
power	1176	4
few	1178	11
loc	1179	10
different	1180	11
state	1181	4
head	1182	4
poss	1184	10
stat	1185	10
val	1188	10
iss	1189	10
cle	1190	10
expl	1193	10
another	1194	9
av	1196	10
child	1200	4
since	1201	9
life	1204	4
develop	1205	2
dep	1207	10
pass	1208	2
turn	1210	2
fr	1216	10
resp	1217	10
second	1218	11
disc	1221	4
something	1223	5
comple	1224	10
ed	1225	0
fil	1226	10
month	1227	8
government	1230	4
without	1231	9
leg	1232	4
dist	1233	10
put	1234	2
quest	1235	10
prot	1237	10
never	1239	5
level	1241	8
art	1242	4
things	1243	7
might	1244	1
effect	1245	3
contro	1246	10
cent	1247	10
allow	1249	2
belie	1250	10
incre	1253	10
feel	1254	2
result	1255	3
lot	1256	11
fun	1257	11
ty	1259	10
contin	1261	10
using	1262	9
big	1263	11
ask	1265	2
best	1266	11
opp	1269	10
number	1271	8
ca	1275	10
must	1276	1
direct	1277	11
gl	1278	11
open	1280	11
post	1281	4
come	1282	2
seem	1283	2
week	1285	8
el	1288	1
far	1290	11
tra	1291	10
pri	1293	10
place	1295	8
form	1296	8
told	1297	1
Trump	1301	10
stand	1302	2
next	1306	9
soc	1307	10
pur	1308	10
let	1309	2
little	1310	11
hum	1311	10
commun	1316	10
mark	1317	3
wr	1319	10
information	1321	7
bus	1323	10
invest	1325	2
hard	1327	11
import	1330	2
appro	1331	10
test	1332	3
tri	1333	1
rest	1334	11
full	1336	11
care	1337	3
case	1339	8
sk	1341	10
less	1342	11
partic	1344	10
list	1351	8
top	1353	11
adv	1354	10
dem	1357	10
home	1363	4
left	1364	9
better	1365	11
data	1366	8
attack	1368	3
proble	1369	10
beh	1372	10
bro	1379	10
build	1382	2
main	1388	11
including	1390	9
got	1392	1
interest	1393	3
keep	1394	2
eas	1396	10
class	1398	8
var	1401	10
small	1402	11
ide	1405	10
rece	1407	10
polit	1408	10
mov	1409	10
plan	1410	3
percent	1411	10
camp	1413	10
pay	1414	2
unt	1418	10
didn	1422	1
pos	1426	10
process	1429	8
program	1430	8
name	1438	8
four	1440	11
return	1441	3
called	1444	9
move	1445	2
group	1448	8
bre	1449	10
men	1450	7
cap	1451	10
dri	1454	10
pat	1458	10
current	1459	4
pop	1461	2
always	1464	5
mil	1465	10
women	1466	4
old	1468	11
near	1474	9
free	1479	11
design	1486	8
change	1487	3
chang	1488	10
bo	1489	10
vis	1490	10
book	1492	8
kill	1494	10
away	1497	9
able	1498	5
country	1499	4
const	1500	10
order	1502	8
sw	1509	1
million	1510	0
oper	1515	10
thing	1517	8
why	1521	5
school	1524	4
Mar	1526	0
aff	1527	10
days	1528	7
ann	1529	10
prof	1534	10
health	1535	4
sol	1540	7
already	1541	9
charact	1543	10
friend	1545	8
least	1551	11
prom	1552	10
dr	1553	10
hist	1554	10
est	1556	10
tell	1560	2
talk	1561	2
until	1566	9
later	1568	9
ve	1569	10
view	1570	3
word	1573	8
cost	1575	3
enough	1576	5
give	1577	2
United	1578	0
techn	1579	10
par	1582	4
large	1588	11
win	1592	2
important	1593	11
doesn	1595	1
business	1597	4
clear	1598	11
rese	1599	10
equ	1602	4
American	1605	4
expect	1607	2
occ	1609	10
kind	1611	8
mean	1612	2
past	1613	4
dev	1614	2
bas	1615	10
organ	1618	4
del	1619	1
perform	1620	2
story	1621	8
season	1622	8
claim	1624	3
came	1625	1
within	1626	9
line	1627	8
project	1628	8
control	1630	3
air	1633	4
money	1637	6
family	1641	4
making	1642	9
bit	1643	11
police	1644	6
happen	1645	2
vers	1646	10
sit	1650	2
sure	1654	5
appear	1656	2
light	1657	11
es	1658	10
times	1661	7
grow	1663	2
company	1664	8
example	1672	8
conc	1673	2
fore	1674	4
actually	1682	5
ever	1683	9
tax	1687	4
major	1688	11
often	1690	9
human	1692	4
job	1693	4
available	1695	9
record	1700	3
sing	1702	2
news	1705	4
econom	1707	10
following	1708	9
hour	1711	10
sex	1714	10
desc	1715	10
become	1716	2
took	1718	1
having	1719	5
product	1720	8
means	1724	7
hop	1725	10
cho	1727	10
certain	1728	11
non	1729	11
deal	1730	3
side	1735	8
reason	1738	3
elect	1742	10
official	1743	4
possible	1744	11
hold	1745	2
city	1748	4
sever	1750	10
children	1751	4
once	1752	9
activ	1753	10
night	1755	8
John	1757	0
done	1760	1
lim	1761	10
working	1762	11
body	1767	4
Mr	1770	0
whether	1771	5
author	1772	8
proper	1774	11
seen	1775	1
fac	1777	10
cond	1779	10
course	1781	8
event	1785	8
eng	1786	10
pot	1787	10
intern	1788	10
short	1790	11
God	1793	0
orig	1796	10
dam	1801	10
press	1803	3
doing	1804	5
protect	1805	2
thought	1807	1
question	1808	8
several	1811	11
given	1813	9
fund	1814	3
went	1816	1
arg	1822	10
polic	1825	10
meet	1826	2
creat	1827	10
States	1829	0
games	1830	6
understand	1833	2
makes	1838	1
won	1839	1
htt	1841	10
love	1842	2
complete	1844	11
account	1848	3
ident	1852	10
others	1854	11
prob	1861	10
young	1862	11
along	1863	9
according	1864	9
yet	1865	9
members	1866	6
among	1871	9
employ	1873	2
invol	1876	10
low	1877	11
hig	1880	10
likely	1884	1
ant	1885	4
Russ	1887	10
ben	1888	10
rele	1889	10
president	1893	0
access	1895	3
Euro	1898	0
known	1900	9
early	1903	9
fight	1907	3
sent	1908	1
today	1909	9
market	1910	3
based	1912	9
strong	1913	11
deb	1915	10
problem	1917	8
death	1918	3
social	1919	4
campaign	1923	3
ey	1926	10
mus	1928	10
er	1931	10
saf	1932	10
months	1933	7
viol	1935	10
five	1936	11
stre	1937	10
players	1938	6
success	1943	3
present	1944	9
sugg	1947	10
particular	1948	11
try	1949	2
suggest	1950	2
Christ	1951	0
priv	1953	10
crit	1955	10
land	1956	4
local	1957	4
aut	1960	10
mult	1963	4
political	1964	4
asked	1965	1
former	1966	4
close	1969	11
pract	1970	10
York	1971	0
getting	1972	5
across	1973	9
comb	1974	10
believe	1975	2
toget	1977	10
together	1978	9
individual	1981	4
Mc	1982	0
face	1986	3
value	1988	8
area	1989	8
writ	1991	10
vot	1993	10
key	1994	11
mom	1995	5
anything	1997	5
experience	1998	3
mind	2000	4
future	2003	4
cut	2005	2
tot	2006	10
video	2008	8
investig	2009	10
net	2010	3
impro	2015	10
connect	2018	2
redu	2027	10
above	2029	9
fre	2030	10
Europe	2031	0
amount	2033	3
either	2035	9
milit	2036	10
anal	2037	10
fail	2038	2
special	2041	11
black	2042	11
looking	2045	5
fire	2046	4
almost	2048	9
study	2050	3
miss	2051	2
tre	2054	10
community	2055	4
media	2056	4
food	2057	4
comes	2058	1
University	2059	0
single	2060	11
half	2063	11
Republic	2066	0
started	2067	1
quick	2068	11
issue	2071	8
else	2073	5
consider	2074	2
taken	2077	1
true	2081	11
wa	2082	10
trad	2083	10
ago	2084	10
mess	2085	10
added	2087	1
bad	2089	11
fav	2090	10
similar	2092	11
character	2095	8
House	2097	0
reported	2098	1
type	2099	8
However	2102	0
targ	2103	10
entire	2104	11
history	2106	4
live	2107	2
trying	2111	5
discuss	2112	2
Har	2113	0
self	2116	4
room	2119	8
fall	2121	2
et	2123	0
isn	2125	5
idea	2126	8
sound	2128	11
someone	2130	5
foc	2133	10
object	2134	8
player	2137	8
rather	2138	9
service	2139	8
mor	2146	10
nothing	2147	5
provide	2148	2
party	2151	8
exist	2152	2
mag	2153	10
rul	2155	10
behind	2157	9
sum	2160	3
applic	2161	10
function	2163	8
front	2166	4
series	2168	8
tem	2169	10
typ	2170	10
opt	2172	2
points	2173	7
below	2174	9
specific	2176	11
ra	2179	10
previous	2180	11
pret	2181	10
custom	2183	8
court	2184	4
repl	2186	10
whole	2187	11
treat	2190	2
probably	2192	5
learn	2193	2
version	2196	8
check	2198	2
Cal	2199	0
benef	2204	10
doc	2205	10
deter	2206	10
enc	2207	10
super	2208	11
address	2209	3
vict	2210	10
meas	2212	10
field	2214	8
signific	2216	10
feat	2218	10
common	2219	11
begin	2221	2
bring	2222	2
action	2223	8
describ	2225	10
indust	2226	10
wanted	2227	1
attempt	2230	3
due	2233	9
shall	2236	10
six	2237	11
step	2239	8
pub	2240	10
himself	2241	5
cop	2243	10
dest	2244	10
stop	2245	2
lab	2248	4
hours	2250	7
create	2251	2
further	2252	9
America	2253	0
dou	2255	10
North	2258	0
national	2260	4
taking	2263	5
red	2266	11
research	2267	4
Ge	2269	0
break	2270	2
space	2272	8
recent	2274	11
general	2276	11
hit	2277	2
period	2278	8
everything	2279	5
phys	2281	10
saying	2282	5
cou	2284	10
cult	2285	10
coun	2289	10
include	2291	2
position	2292	8
Canad	2294	10
imm	2296	10
pick	2298	2
compl	2299	10
matter	2300	8
compet	2307	10
Sen	2311	0
cannot	2314	1
init	2315	10
relations	2316	6
bar	2318	8
vol	2322	10
ground	2323	4
security	2324	6
upd	2325	10
concern	2328	3
white	2330	11
seems	2331	1
announ	2335	10
fig	2336	10
stri	2338	10
sus	2341	10
watch	2342	2
wind	2344	3
itself	2346	9
mass	2347	4
abs	2352	10
pack	2353	2
outside	2354	9
anim	2355	10
pain	2356	4
manag	2358	10
Sept	2362	0
Jan	2365	0
foot	2366	4
third	2368	11
mot	2369	10
evidence	2370	7
threat	2372	10
lo	2376	10
decl	2377	10
item	2378	8
represent	2380	2
significant	2383	11
simply	2391	9
longer	2392	11
file	2393	8
ener	2400	10
dom	2401	10
upon	2402	9
themselves	2405	9
coming	2406	5
quite	2407	5
difficult	2408	11
necess	2418	10
text	2420	8
require	2421	2
military	2422	4
review	2423	3
respons	2424	10
subject	2426	8
instead	2427	9
issues	2428	7
gen	2429	10
minutes	2431	7
weap	2432	10
code	2438	8
higher	2440	11
Ste	2441	0
page	2443	8
students	2444	6
method	2446	8
Aug	2447	0
policy	2450	8
exec	2452	10
accept	2453	2
words	2456	7
final	2457	11
changes	2458	7
Democr	2459	10
friends	2460	7
respect	2461	3
ep	2462	4
compan	2463	10
damage	2465	3
neg	2469	10
ap	2471	10
total	2472	11
needs	2476	6
agre	2477	10
development	2478	8
age	2479	4
results	2482	7
Af	2483	0
gun	2485	10
Obama	2486	0
rights	2489	6
Brit	2490	10
running	2491	5
wasn	2492	1
port	2493	3
rate	2494	3
pretty	2495	5
target	2496	3
saw	2497	1
circ	2498	10
works	2499	7
everyone	2506	5
pie	2508	5
rad	2511	10
block	2512	3
walk	2513	2
Aust	2517	10
South	2520	0
shows	2523	1
site	2524	8
jo	2525	10
risk	2526	3
inj	2529	10
chall	2532	10
hy	2537	10
began	2540	1
Dav	2544	10
size	2546	8
decision	2551	8
larg	2552	10
jud	2553	10
continue	2555	2
Oct	2556	0
parent	2560	4
easy	2562	11
drug	2563	4
sense	2565	8
di	2566	4
energy	2568	4
associ	2570	10
girl	2576	10
request	2581	3
soon	2582	5
host	2583	4
material	2587	8
moment	2589	8
answ	2590	10
especially	2592	9
norm	2593	10
services	2594	6
role	2597	8
cred	2600	10
mat	2603	7
log	2604	3
Clinton	2605	10
office	2607	6
charg	2609	10
track	2610	3
heart	2612	4
ball	2613	8
personal	2614	4
building	2615	4
increase	2620	3
needed	2622	1
lost	2626	1
became	2627	1
groups	2628	7
wrote	2630	1
prop	2632	10
dead	2636	11
http	2638	0
webs	2639	10
inside	2641	9
wrong	2642	5
statement	2643	8
film	2646	8
music	2647	4
share	2648	2
release	2650	3
forward	2651	11
stay	2652	2
comput	2653	10
original	2656	11
card	2657	8
cand	2658	10
div	2659	10
favor	2661	3
cases	2663	7
section	2665	8
leave	2666	2
Washington	2669	0
required	2672	1
countries	2678	6
German	2679	0
questions	2683	7
prim	2684	10
cell	2685	4
shoot	2686	10
anyone	2687	5
West	2688	0
affect	2689	2
online	2691	9
Israel	2692	0
September	2693	0
ability	2694	8
content	2695	8
reve	2697	10
laun	2698	10
indic	2699	10
force	2700	3
sold	2702	1
soft	2705	11
companies	2706	6
article	2708	8
aud	2709	10
rev	2710	2
educ	2711	10
playing	2712	5
held	2714	1
released	2716	1
federal	2717	4
administ	2719	10
interview	2720	10
install	2721	2
received	2722	1
source	2723	8
serious	2726	11
created	2727	1
cause	2728	3
immedi	2729	10
defin	2730	10
Department	2732	0
late	2739	11
speak	2740	2
legal	2742	4
weeks	2745	5
model	2746	8
pred	2747	1
exact	2748	11
takes	2753	1
regard	2754	10
opportun	2755	10
price	2756	3
Apr	2758	10
ord	2760	10
problems	2761	7
leaders	2766	6
deep	2769	11
pers	2774	10
contract	2775	3
relationship	2776	8
base	2779	8
consum	2784	10
potential	2785	4
langu	2786	10
relig	2789	10
link	2792	3
lower	2793	11
June	2795	0
fem	2796	10
contact	2800	3
ill	2801	10
mother	2802	4
estab	2803	10
March	2805	0
China	2807	0
squ	2809	10
provided	2810	1
average	2811	3
exam	2814	10
perfect	2818	11
tou	2819	10
buy	2822	2
shot	2823	1
collect	2824	2
phot	2825	10
played	2826	1
surpr	2827	10
officials	2828	6
simple	2829	11
industry	2831	4
hands	2832	4
pull	2834	2
round	2835	11
user	2836	8
range	2837	8
private	2839	4
ways	2842	7
Mich	2843	10
veh	2844	10
except	2845	5
terms	2846	7
Dragon	2851	10
den	2853	10
performance	2854	8
bill	2855	3
environment	2858	8
exc	2859	2
worth	2861	5
pict	2862	10
chance	2863	5
speed	2866	3
alleg	2868	10
Japan	2869	0
match	2872	3
II	2873	0
stru	2874	10
living	2877	4
struct	2878	10
separ	2880	10
response	2882	8
enjoy	2883	2
via	2884	9
member	2888	8
tool	2891	8
Ang	2895	0
offer	2897	2
turned	2900	1
July	2901	0
recently	2904	1
ce	2906	10
Star	2907	0
Cong	2908	10
blood	2910	4
hope	2911	2
comment	2912	3
arri	2914	10
particip	2916	10
gave	2921	1
select	2922	2
killed	2923	10
goes	2925	1
coll	2927	10
impact	2928	3
August	2932	0
boy	2933	5
felt	2936	1
expected	2938	1
image	2939	8
prevent	2948	2
involved	2950	1
eyes	2951	7
quickly	2952	9
behav	2955	10
ur	2956	10
led	2957	1
candid	2960	10
earlier	2961	9
focus	2962	3
popular	2968	11
sett	2970	10
various	2972	11
levels	2974	7
road	2975	4
heard	2982	1
mis	2984	11
users	2985	6
San	2986	0
improve	2987	2
father	2988	0
search	2989	3
profess	2992	10
knew	2993	1
loss	2994	3
events	2995	7
billion	2997	10
cover	3002	2
bott	3005	10
areas	3006	7
Twitter	3009	10
gets	3011	1
Google	3012	0
sn	3013	2
vote	3015	10
nearly	3016	11
included	3017	1
recogn	3018	10
happened	3022	1
hot	3024	11
whose	3025	5
civil	3026	4
suff	3027	10
Syri	3030	10
respond	3031	2
hon	3032	10
features	3033	7
economic	3034	4
April	3035	0
technology	3037	4
option	3038	8
purch	3040	10
lat	3042	10
recomm	3045	10
training	3047	6
effects	3048	7
fast	3049	11
occur	3051	2
website	3052	8
email	3053	3
sens	3054	10
oil	3056	4
influ	3057	10
currently	3058	1
Sch	3059	0
goal	3061	8
scient	3062	10
conv	3063	10
decided	3066	1
travel	3067	3
mention	3068	2
election	3071	10
phone	3072	8
looks	3073	1
situation	3074	8
cy	3075	10
hor	3076	10
quality	3081	4
table	3084	8
staff	3085	6
tried	3088	1
addition	3090	8
box	3091	8
lack	3092	3
wide	3094	11
mid	3095	11
board	3096	8
anti	3098	4
dig	3100	2
dro	3102	10
slow	3105	11
path	3108	8
worked	3111	1
pen	3112	10
engine	3113	10
looked	3114	1
victim	3117	10
property	3119	8
introdu	3120	10
execut	3121	10
PM	3122	0
color	3124	8
network	3127	8
date	3128	3
extra	3131	11
sle	3133	10
wond	3135	10
reports	3136	6
Austral	3138	10
capital	3139	4
ens	3140	10
command	3141	3
allowed	3142	1
prep	3143	10
capt	3144	5
numbers	3146	7
fair	3148	11
reach	3151	3
broad	3154	11
couple	3155	10
Feb	3158	0
screen	3159	3
lives	3160	7
prior	3161	9
Congress	3162	0
approach	3164	8
emer	3165	10
built	3170	1
repe	3172	10
rules	3173	7
Pal	3175	0
financial	3176	4
considered	3177	1
brought	3181	1
bi	3182	4
products	3186	7
visit	3187	2
document	3188	8
conduct	3189	3
completely	3190	5
Calif	3192	10
written	3194	1
TV	3195	0
draw	3197	2
published	3199	1
secret	3200	11
Facebook	3203	0
sexual	3206	10
thous	3207	10
ess	3209	10
standard	3210	11
arm	3211	3
fell	3214	1
foreign	3215	4
Friday	3217	0
regular	3218	11
increased	3220	1
usually	3221	1
demon	3222	10
dark	3223	11
additional	3224	11
production	3227	8
international	3230	4
race	3234	4
mach	3235	10
huge	3236	11
town	3240	4
attention	3241	6
terror	3246	10
meeting	3249	5
Park	3250	0
arrest	3251	10
fear	3252	3
aw	3253	10
extreme	3257	11
workers	3259	6
directly	3264	9
population	3265	4
October	3267	0
January	3269	0
David	3271	0
cross	3272	4
message	3275	8
nation	3277	4
poll	3278	3
answer	3280	3
carry	3283	2
Russia	3284	0
hear	3285	2
natural	3288	4
dog	3290	4
trade	3292	3
subst	3293	10
multiple	3294	11
Afric	3295	10
fans	3296	6
sort	3297	2
global	3298	4
Wed	3300	10
achie	3302	10
language	3303	8
tal	3305	10
necessary	3306	11
details	3307	7
Sund	3309	10
sil	3313	10
medical	3315	4
und	3318	11
Monday	3321	0
ver	3326	10
Hill	3327	0
receive	3328	2
morning	3329	10
bank	3331	3
sat	3332	1
device	3335	8
Center	3337	0
safe	3338	11
ple	3339	10
Canada	3340	0
systems	3341	6
assist	3342	2
surv	3343	10
battle	3344	3
paper	3348	8
growth	3349	4
cast	3350	2
plans	3352	6
parts	3354	7
wall	3355	8
movement	3356	8
practice	3357	8
display	3359	3
sometimes	3360	5
Paul	3362	0
Yes	3363	10
son	3367	4
avoid	3368	2
Jew	3370	10
towards	3371	9
Kore	3374	10
talking	3375	5
correct	3376	11
spent	3377	1
term	3381	8
wants	3382	1
ut	3384	10
doub	3385	10
forces	3386	7
please	3387	2
November	3389	0
ones	3392	7
immediately	3393	1
Russian	3394	0
deg	3396	10
parents	3397	6
Americans	3399	0
shown	3402	1
conditions	3403	7
stuff	3404	5
reb	3405	10
includes	3407	1
Sam	3409	0
experien	3410	10
announced	3414	1
Republican	3415	10
determin	3416	10
described	3417	1
County	3418	0
door	3420	10
changed	3421	1
neigh	3422	10
clean	3424	11
pan	3425	10
December	3426	0
European	3427	0
club	3430	10
Tuesday	3431	0
paid	3432	1
attacks	3434	6
characters	3435	7
alone	3436	9
director	3437	10
load	3440	3
rout	3441	10
California	3442	0
finally	3443	1
rac	3444	10
contr	3445	10
exactly	3446	5
Islam	3449	10
nature	3450	4
career	3451	8
latest	3452	10
convers	3453	10
weight	3463	3
note	3465	3
teams	3466	6
Green	3469	0
hundred	3470	10
streng	3472	10
consist	3473	2
regul	3475	10
lic	3476	10
ten	3478	11
UK	3482	0
costs	3484	6
independ	3485	10
normal	3487	11
hom	3488	4
obvious	3489	10
swe	3490	10
ready	3492	5
implement	3494	2
song	3496	8
interesting	3499	5
giving	3501	5
Sunday	3502	0
etc	3503	10
middle	3504	4
remember	3505	2
max	3509	10
yourself	3511	5
demand	3512	3
treatment	3513	4
danger	3514	10
guy	3516	10
British	3517	0
physical	3518	4
related	3519	9
remain	3520	2
couldn	3521	1
refer	3522	2
citiz	3523	10
inn	3527	10
Street	3530	0
stra	3534	10
easily	3538	5
clos	3542	10
uses	3544	7
write	3551	2
leader	3554	8
reading	3555	8
autom	3557	10
legisl	3560	10
Gold	3561	0
designed	3562	1
beaut	3566	10
Tex	3567	10
appears	3568	1
strugg	3569	10
Rom	3570	0
choice	3572	8
particularly	3573	9
London	3576	0
allows	3578	1
difference	3580	8
Wednesday	3583	0
although	3584	5
relative	3585	8
application	3586	8
aren	3588	2
myself	3589	5
imag	3590	10
dise	3591	10
society	3592	4
frequ	3593	10
English	3594	0
poor	3595	11
writing	3597	8
seven	3598	11
starting	3599	5
bud	3600	10
print	3601	3
crim	3606	10
gives	3607	1
cool	3608	11
thinking	3612	5
save	3613	2
limited	3614	11
meaning	3616	8
Jack	3619	0
nice	3621	5
gas	3623	4
eight	3624	11
feet	3625	7
effort	3626	8
ign	3627	10
opin	3631	10
brain	3632	4
Thursday	3635	0
wouldn	3636	1
touch	3638	3
studies	3640	6
investigation	3645	10
increasing	3649	5
store	3650	3
comments	3651	6
bal	3652	10
doll	3654	10
liber	3655	10
wife	3656	10
laws	3657	6
modern	3660	4
administration	3662	6
opportunity	3663	3
sal	3664	10
powerful	3665	11
claims	3667	6
Earth	3668	0
title	3670	8
esc	3671	10
beyond	3675	9
camer	3676	10
sell	3677	2
appl	3680	10
unf	3684	10
violence	3685	6
East	3687	0
compared	3688	1
options	3689	7
throughout	3690	9
vs	3691	6
files	3696	6
James	3700	0
detail	3703	10
piece	3704	8
named	3706	1
education	3707	4
drive	3708	3
items	3709	7
student	3710	4
throw	3714	2
scene	3715	8
complex	3716	11
prec	3718	10
concept	3721	8
status	3722	8
died	3724	1
knowledge	3725	4
beginning	3726	5
certainly	3729	5
guys	3730	10
slight	3731	10
fine	3734	11
fat	3735	10
perhaps	3737	5
income	3739	6
https	3740	10
majority	3741	10
greater	3744	11
feed	3745	3
safety	3747	4
unique	3748	11
gone	3750	5
showed	3751	1
histor	3752	10
counter	3753	3
leading	3756	9
send	3758	2
Donald	3759	10
defense	3761	6
Muslim	3765	0
continued	3767	1
provides	3769	1
prison	3770	10
economy	3773	6
trust	3774	2
weapons	3777	6
analysis	3781	8
science	3783	4
figure	3785	8
disapp	3786	10
software	3788	6
ult	3789	10
officers	3790	6
remains	3793	1
psych	3795	10
cat	3797	4
observ	3799	10
stage	3800	8
enter	3802	2
passed	3804	1
despite	3805	9
movie	3807	8
voice	3809	8
toward	3812	10
region	3814	8
values	3815	7
mount	3817	10
officer	3818	10
hous	3821	10
Sun	3825	0
lay	3830	2
Tur	3831	10
pressure	3833	3
books	3835	7
Sand	3837	0
reasons	3840	7
activity	3842	8
Senate	3845	0
calls	3848	6
letter	3850	8
Rob	3851	0
Je	3852	10
choose	3853	2
types	3858	7
platform	3859	8
quarter	3860	10
maybe	3863	5
moving	3867	5
lif	3868	10
som	3870	10
patients	3871	6
truth	3872	8
charge	3877	3
cele	3879	10
rock	3881	4
credit	3884	3
moved	3888	1
names	3891	7
straight	3892	11
feature	3895	8
rule	3896	3
sche	3897	10
Michael	3899	0
click	3904	2
Angel	3905	10
Iraq	3908	0
Saturday	3909	0
aware	3910	5
pattern	3912	8
grad	3915	10
associated	3917	9
style	3918	8
stories	3923	7
individuals	3925	7
summer	3931	4
arch	3934	10
Texas	3936	0
fully	3938	11
mill	3939	10
followed	3940	1
Indian	3942	0
February	3945	0
jobs	3946	6
seemed	3947	1
reality	3950	8
lines	3951	7
measure	3953	3
brother	3956	10
growing	3957	11
ban	3958	10
estim	3959	10
cry	3960	10
mechan	3962	10
Windows	3964	0
rates	3965	6
Oh	3966	10
positive	3967	11
culture	3968	4
map	3975	3
William	3977	0
Mart	3981	0
altern	3983	10
coach	3985	10
kids	3988	5
journal	3989	8
corpor	3990	10
false	3991	10
web	3992	8
sleep	3993	2
contain	3994	2
sto	3995	10
bed	3996	5
Rich	3998	0
Chinese	3999	0
pun	4000	10
meant	4001	1
notice	4003	2
favorite	4004	5
condition	4006	8
purpose	4007	8
organization	4009	8
challeng	4010	10
manufact	4011	10
susp	4012	10
critic	4014	10
mer	4017	10
mist	4020	10
Tor	4022	10
larger	4025	11
advant	4026	10
resear	4027	10
actions	4028	7
kept	4030	1
aim	4031	2
benefits	4034	6
actual	4036	11
vehicle	4038	8
chief	4039	10
efforts	4040	6
League	4041	0
wait	4043	2
adult	4044	4
overall	4045	4
speech	4046	8
highly	4047	11
female	4048	4
error	4049	8
effective	4050	11
encour	4052	10
failed	4054	1
conserv	4055	10
programs	4056	6
trou	4057	10
ahead	4058	5
crime	4065	6
location	4067	8
Iran	4068	0
behavior	4069	8
rare	4071	11
emb	4072	10
caused	4073	1
ship	4074	3
active	4075	11
contribut	4076	10
acqu	4078	10
reflect	4079	2
firm	4081	10
birth	4082	4
clearly	4084	5
emot	4085	10
agency	4086	6
memory	4088	8
biggest	4094	5
rap	4095	10
basic	4096	11
band	4097	8
suspect	4099	10
Mac	4100	0
spread	4104	2
Rober	4109	10
demonstr	4110	10
absolute	4112	11
places	4113	7
impl	4114	10
cards	4116	6
destroy	4117	10
virt	4118	10
appeared	4120	1
beg	4123	10
temper	4124	10
length	4129	8
blog	4130	10
integ	4132	10
resources	4133	6
spot	4136	3
forced	4137	1
thousands	4138	11
Minister	4139	10
qual	4140	10
French	4141	0
generally	4143	1
drink	4144	2
thus	4145	9
appropri	4148	10
whom	4150	5
eye	4151	4
college	4152	4
ensure	4155	2
apparent	4156	10
religious	4158	4
minor	4159	11
tro	4161	10
primary	4165	4
developed	4166	1
peace	4167	4
skin	4168	4
blue	4171	11
families	4172	6
ir	4173	10
apply	4174	2
inform	4175	2
Smith	4176	0
limit	4179	3
resist	4180	2
conflic	4183	10
twe	4184	10
Tom	4186	0
liter	4187	10
hair	4190	10
eventually	4191	1
pus	4192	10
helped	4193	1
agg	4194	10
Apple	4196	0
fit	4197	2
prem	4199	10
sales	4200	6
seconds	4201	10
strength	4202	3
feeling	4203	5
tour	4205	3
knows	4206	1
exerc	4208	10
somew	4209	10
spokes	4212	10
ideas	4213	7
regist	4214	10
PC	4217	0
propos	4218	10
launch	4219	3
bottom	4220	3
script	4226	8
rat	4227	10
il	4229	10
Jer	4230	10
whatever	4232	5
mode	4235	8
agree	4236	2
sources	4237	7
initial	4238	11
restrict	4239	10
wonder	4240	2
burn	4245	2
nor	4249	10
reached	4251	1
categ	4253	10
cook	4255	2
promot	4256	10
male	4257	4
climate	4258	4
fix	4259	2
alleged	4260	10
images	4263	7
schools	4266	6
drop	4268	3
stream	4269	3
Mo	4270	0
previously	4271	11
pet	4273	4
double	4274	11
default	4277	10
rank	4279	3
Council	4281	0
weapon	4282	10
stock	4283	3
analy	4284	10
picture	4286	8
century	4289	10
citizens	4290	6
onto	4291	9
expand	4292	2
hero	4293	10
wild	4295	11
update	4296	3
customers	4297	6
lik	4300	10
criminal	4301	10
Christian	4302	0
leaving	4305	5
otherwise	4306	5
basis	4308	10
Ber	4312	0
recommend	4313	2
floor	4314	10
crowd	4315	3
central	4318	11
dream	4320	2
download	4321	2
confir	4322	10
Thom	4323	10
window	4324	8
happens	4325	1
unit	4326	8
tend	4327	2
spl	4328	10
becomes	4329	1
fighting	4330	5
predict	4331	2
heavy	4334	11
fan	4336	10
spend	4341	2
adop	4344	10
Ham	4345	0
football	4346	10
transfer	4351	3
bur	4356	10
therefore	4361	5
mission	4365	8
noted	4367	1
assum	4368	10
disease	4369	4
edit	4370	2
progress	4371	3
Brown	4373	0
adding	4375	5
raised	4376	1
tick	4378	10
seeing	4379	5
agreement	4381	3
server	4382	8
wat	4383	10
debate	4384	3
supposed	4385	5
largest	4387	10
successful	4388	11
Democratic	4390	0
jump	4391	2
Syria	4392	10
owners	4393	6
offers	4394	1
shooting	4395	10
effic	4396	10
haven	4398	2
defend	4404	10
beat	4405	2
records	4406	6
scen	4408	10
employees	4409	6
devices	4410	6
commer	4412	10
Mex	4413	10
benefit	4414	3
illeg	4416	10
surface	4417	8
harm	4419	3
Alex	4422	5
shut	4423	10
lose	4425	2
challenge	4427	3
station	4429	8
intelligence	4430	6
accur	4431	10
Flor	4432	10
requires	4433	1
Mal	4434	0
hospital	4436	10
spirit	4437	8
offered	4438	1
produce	4439	2
creating	4441	5
cris	4442	10
ended	4444	1
daily	4445	4
voters	4446	10
smart	4451	11
Lord	4453	0
Internet	4455	0
circum	4456	10
extremely	4457	5
opinion	4459	6
gain	4461	3
useful	4465	11
budget	4466	3
comfort	4467	3
background	4469	8
episode	4471	10
enemy	4472	10
trial	4473	10
establish	4474	2
continues	4477	1
showing	4478	5
Union	4479	0
posted	4481	1
eat	4483	2
rise	4485	3
Germany	4486	0
signed	4488	1
vill	4489	10
grand	4490	11
England	4492	0
projects	4493	6
conference	4495	10
responsible	4497	5
Arab	4498	0
learned	4499	1
George	4502	0
returned	4504	1
Australia	4505	0
brief	4506	11
brand	4508	8
highest	4511	11
train	4512	3
Commission	4513	10
nom	4515	10
mut	4517	10
incident	4519	10
ID	4522	6
nuclear	4523	4
Micro	4527	0
charges	4530	6
adjust	4532	2
prices	4536	6
draft	4538	3
runs	4539	1
candidate	4540	10
management	4542	6
Phil	4543	0
teach	4545	2
understanding	4547	4
separate	4553	11
instance	4554	8
eth	4555	10
unless	4556	10
operations	4560	6
faith	4562	4
Church	4564	0
config	4566	10
activities	4568	7
traditional	4569	11
direction	4571	8
machine	4572	8
surround	4573	10
push	4574	2
EU	4576	0
easier	4577	5
argument	4578	8
spending	4581	5
theory	4583	8
calling	4585	5
der	4587	10
influence	4588	3
commit	4589	2
photo	4590	8
unc	4591	10
disp	4596	10
wish	4601	2
revealed	4602	1
enforce	4605	10
Committee	4606	10
chem	4607	10
miles	4608	5
interested	4609	5
solution	4610	8
removed	4615	1
compar	4616	10
plant	4618	4
achieve	4620	2
advantage	4621	3
slightly	4622	11
placed	4624	1
Mad	4627	0
tim	4628	10
cru	4630	10
mostly	4632	5
negative	4633	11
setting	4634	8
produced	4635	1
mur	4636	10
connection	4637	8
driver	4639	10
executive	4640	10
assault	4641	10
born	4642	5
structure	4645	8
reduce	4646	2
decades	4647	0
ded	4648	10
join	4654	2
disco	4655	10
die	4656	2
assess	4659	2
goals	4661	6
senior	4664	0
Que	4670	10
parties	4671	6
learning	4673	4
camera	4676	10
skills	4678	6
celebr	4681	10
Franc	4682	10
existing	4683	4
willing	4684	5
critical	4688	11
La	4689	0
serve	4691	2
cold	4692	11
species	4693	7
animals	4695	7
Bay	4696	0
older	4697	11
teacher	4701	8
prefer	4702	2
thread	4704	8
Matt	4705	10
manager	4706	10
professional	4708	4
notes	4710	7
fresh	4713	11
doubt	4719	10
opened	4721	1
guess	4724	5
sequ	4726	10
explain	4727	2
attract	4729	2
string	4731	8
context	4732	8
Republicans	4734	10
solid	4735	11
cities	4736	6
asking	4737	5
random	4738	11
Florida	4744	0
depend	4745	2
Scott	4746	0
mentioned	4750	1
claimed	4752	1
definitely	4753	5
core	4755	4
opening	4756	8
believed	4762	1
Lou	4768	0
holding	4769	5
ice	4771	4
brow	4772	10
authorities	4773	6
score	4776	3
cells	4778	7
transl	4779	10
neighbor	4780	10
remove	4781	2
district	4783	10
worse	4785	5
concerns	4786	6
presidential	4787	10
policies	4788	6
Hall	4789	0
hus	4791	10
independent	4795	11
Justice	4796	0
protection	4800	6
sudden	4802	5
Jes	4804	10
bul	4807	10
strategy	4811	8
girls	4813	5
missing	4814	5
dat	4818	10
politics	4819	6
spell	4822	10
graph	4823	8
labor	4827	4
kick	4829	10
iTunes	4830	10
steps	4831	7
smaller	4833	11
roll	4836	2
researchers	4837	6
closed	4838	1
transport	4839	3
lawy	4840	10
Chicago	4842	0
aspect	4843	8
none	4844	5
marriage	4845	10
elements	4847	7
dram	4850	10
hearing	4854	5
supported	4855	1
testing	4856	6
massive	4858	11
stick	4859	2
guard	4860	10
border	4865	10
copy	4866	2
owner	4870	10
digital	4875	4
task	4876	8
incred	4878	10
France	4881	0
breat	4882	10
issued	4884	1
Western	4885	0
detect	4886	2
partners	4887	6
shared	4888	1
cancer	4890	6
explained	4893	1
heat	4894	3
investment	4896	3
wood	4898	10
tools	4899	7
belief	4901	10
crisis	4902	10
MP	4904	10
operation	4905	8
contains	4909	1
express	4911	2
amb	4915	10
USA	4916	0
finding	4917	5
funding	4918	6
established	4920	1
degree	4922	8
dangerous	4923	5
freedom	4925	6
catch	4929	2
presence	4931	8
authority	4934	6
button	4936	10
consequ	4937	10
valid	4938	11
weak	4939	11
starts	4940	1
reference	4941	3
collection	4947	8
beautiful	4950	11
tells	4952	1
waiting	4953	5
providing	4955	5
Democrats	4956	10
daughter	4957	10
master	4958	2
purposes	4959	6
Japanese	4960	0
equal	4961	11
turns	4962	7
documents	4963	6
watching	4964	5
ran	4966	1
reject	4968	10
Korea	4969	0
victims	4970	6
witness	4973	10
reform	4975	6
occup	4977	10
caught	4978	1
traffic	4979	6
models	4981	6
served	4983	1
batter	4984	10
Secretary	4986	0
agreed	4987	1
truly	4988	5
units	4991	7
Mike	4995	10
variety	4996	8
amazing	4998	5
confirmed	4999	1
entirely	5000	5
purchase	5001	3
element	5002	8
cash	5003	10
determine	5004	2
cars	5006	6
views	5009	7
drugs	5010	6
covered	5017	1
mere	5019	10
multi	5021	11
mix	5022	8
unlike	5023	5
stopped	5025	1
sem	5026	10
Gal	5027	0
wel	5029	10
Johnson	5030	0
skill	5032	8
becoming	5033	5
appropriate	5035	11
weekend	5041	10
sites	5043	7
animal	5044	4
scale	5046	3
charged	5047	1
instruct	5048	10
methods	5050	7
cert	5051	10
judge	5052	10
dollars	5054	6
standing	5055	5
debt	5057	10
driving	5059	5
Edition	5061	10
album	5062	10
commercial	5068	4
discovered	5071	1
output	5072	3
Hillary	5073	10
Carol	5074	0
abuse	5076	10
switch	5078	3
annual	5079	4
stated	5081	1
residents	5085	6
allowing	5086	5
factors	5087	7
fuck	5089	10
occurred	5091	1
injury	5095	10
insurance	5096	6
repeated	5100	1
arms	5101	6
construction	5103	8
fle	5104	10
forms	5107	7
McC	5108	10
mental	5110	4
equipment	5112	6
fant	5113	10
discussion	5114	8
regarding	5115	9
chair	5118	10
proceed	5120	2
murder	5123	10
supply	5127	3
input	5128	3
wealth	5129	6
proced	5131	10
NFL	5134	10
Institute	5136	0
putting	5137	5
located	5140	1
kid	5141	5
princ	5144	10
clot	5148	10
telling	5149	5
proposed	5150	1
funds	5153	6
baby	5156	4
spoke	5158	1
earn	5160	2
exchange	5163	3
Lin	5164	10
pair	5166	8
arrested	5169	10
killing	5170	10
identified	5174	1
mobile	5175	10
thanks	5176	5
hundreds	5179	5
Chris	5180	10
trend	5182	8
electric	5186	10
Wil	5187	0
restaur	5190	10
trig	5192	10
nine	5193	5
bomb	5194	10
coverage	5197	6
appeal	5198	3
Robert	5199	0
Sup	5200	10
finished	5201	1
flow	5202	3
deliver	5203	2
calcul	5204	10
photos	5205	7
pieces	5207	7
appre	5208	10
rough	5210	11
partner	5212	3
concerned	5213	5
suggested	5220	1
herself	5223	5
corner	5228	10
husband	5229	10
Atl	5234	10
balance	5236	3
sounds	5238	7
arr	5240	10
millions	5242	5
radio	5243	0
satisf	5244	10
combat	5249	3
Gree	5251	10
fuel	5252	3
distance	5253	3
tests	5254	6
decre	5255	10
managed	5257	1
tit	5259	10
measures	5260	7
attend	5262	2
Jose	5264	10
Nov	5267	0
generation	5270	8
advoc	5271	10
conversation	5273	8
Sky	5274	0
Frank	5278	0
gender	5279	4
concent	5280	10
carried	5281	1
Virgin	5283	10
arrived	5284	1
failure	5287	3
minimum	5288	11
worst	5290	10
keeping	5291	5
intended	5292	1
illegal	5293	10
subsc	5294	10
determined	5295	1
trip	5296	3
raise	5298	2
feels	5300	1
package	5301	8
fra	5306	10
symb	5307	10
Kh	5311	0
farm	5318	3
reduced	5322	1
clin	5327	10
hyp	5328	10
Mary	5335	0
novel	5337	4
capacity	5339	3
impossible	5340	5
plays	5341	6
fram	5346	10
ing	5347	10
communities	5348	6
FBI	5349	10
bon	5351	10
strateg	5352	10
interests	5353	6
conflict	5358	3
requirements	5359	6
sac	5360	10
operating	5361	6
committed	5364	1
relatively	5365	11
afford	5368	10
identity	5369	8
decisions	5370	6
accused	5371	10
victory	5373	10
seek	5380	2
tight	5381	11
initi	5383	10
humans	5384	4
familiar	5385	11
audience	5386	8
internal	5387	4
sides	5389	7
dim	5391	10
conclud	5392	10
appoint	5393	10
enforcement	5394	6
Jim	5395	0
Association	5396	10
circumst	5397	10
Canadian	5398	0
joined	5399	1
differences	5400	7
Los	5401	0
protest	5402	10
twice	5403	5
glass	5405	10
Army	5407	0
expression	5408	8
decide	5409	2
planning	5410	6
handle	5412	2
Microsoft	5413	0
maximum	5415	11
sea	5417	4
eval	5418	10
helps	5419	1
bound	5421	5
mouth	5422	10
standards	5423	6
clim	5424	10
Fox	5426	0
bug	5434	10
Ukrain	5435	10
Jones	5437	0
planet	5440	10
winning	5442	5
faster	5443	5
spect	5444	10
broken	5445	5
defined	5447	1
healthy	5448	11
competition	5449	3
Island	5451	0
announce	5453	10
Cup	5454	10
client	5456	8
possibly	5457	5
finish	5461	2
crew	5462	10
reserv	5463	10
editor	5464	10
hate	5465	10
sale	5466	10
controvers	5467	10
pages	5468	7
numer	5470	10
opposition	5471	10
refuge	5473	10
flight	5474	3
apart	5475	5
Africa	5478	0
applications	5479	6
Palest	5480	10
gar	5482	10
upgr	5484	10
shape	5485	3
speaking	5486	5
worry	5490	2
Britain	5491	0
hun	5494	10
introduced	5495	1
diet	5496	10
functions	5499	7
Jeff	5502	10
stress	5503	3
accounts	5504	6
guarant	5505	10
honest	5508	5
tree	5509	8
African	5510	0
Bush	5511	0
fif	5515	10
exercise	5517	3
scientists	5519	6
legislation	5520	6
Spr	5522	10
survey	5526	3
maintain	5529	2
flo	5530	10
leadership	5531	6
Islamic	5533	0
magic	5536	5
Prime	5537	0
figures	5538	7
absolutely	5543	5
fourth	5544	0
presented	5545	1
alcohol	5548	10
grab	5552	2
vari	5553	10
quant	5554	10
plus	5556	5
alternative	5559	4
pil	5560	10
approx	5561	10
objects	5563	7
Android	5565	10
significantly	5566	9
acknow	5571	10
HD	5572	10
Mont	5575	0
uns	5576	5
negoti	5578	10
television	5581	0
Jewish	5582	0
motor	5584	10
appearance	5585	8
sitting	5586	5
strike	5587	3
fold	5591	10
Louis	5593	0
belong	5594	2
mort	5596	10
prepared	5597	1
indeed	5600	5
rent	5602	10
advice	5608	6
changing	5609	5
listed	5610	1
launched	5611	1
Peter	5613	0
lived	5615	1
Mel	5616	0
Supreme	5617	0
sets	5621	7
philos	5622	10
applied	5625	1
housing	5627	6
odd	5629	5
sust	5630	10
powers	5635	7
thr	5636	10
remaining	5637	11
causes	5640	7
manner	5642	8
suggests	5644	1
ends	5645	7
Dun	5648	10
gay	5650	10
termin	5651	10
Angeles	5652	10
scientific	5654	4
coal	5655	10
Thomas	5658	0
sym	5659	10
minute	5664	10
leaves	5667	7
completed	5668	1
focused	5670	1
monitor	5671	2
vehicles	5672	6
affected	5676	1
construct	5678	2
follows	5679	1
ton	5680	10
homes	5682	6
elim	5687	10
largely	5688	10
Joe	5689	0
votes	5690	10
businesses	5692	6
Foundation	5693	10
yards	5695	10
materials	5696	7
guide	5698	2
closer	5699	5
sports	5701	4
taxes	5704	6
decade	5707	10
vir	5709	10
dropped	5710	1
delay	5711	3
secure	5713	2
treated	5716	1
filed	5717	10
van	5719	10
mir	5720	10
column	5721	8
rot	5724	10
consult	5725	2
entry	5726	3
marijuana	5727	10
apparently	5729	10
increases	5732	6
specifically	5734	9
tele	5735	10
religion	5737	10
frame	5739	8
Lee	5741	0
helping	5742	5
edge	5743	3
organizations	5745	6
bigger	5749	5
boost	5750	3
row	5752	10
rid	5755	10
stret	5759	10
vision	5761	8
wearing	5762	5
appreci	5763	5
award	5764	10
factor	5766	3
territ	5771	10
param	5772	10
enemies	5775	6
accident	5778	10
Martin	5780	0
ath	5782	10
Hell	5783	0
forg	5784	10
veter	5785	10
Medic	5786	10
stars	5788	7
expensive	5789	10
acad	5790	10
lock	5793	10
format	5794	8
soldiers	5795	6
agent	5797	10
responsibility	5798	6
rapid	5801	11
tough	5802	5
Jesus	5803	0
believes	5804	10
wear	5806	2
Bob	5811	0
warm	5814	11
hasn	5818	10
univers	5820	10
Mos	5826	0
patient	5827	4
Mexico	5828	0
Sanders	5831	10
happening	5836	5
bought	5839	1
soul	5848	10
Harry	5850	0
seat	5852	10
revolution	5854	3
ring	5858	10
offensive	5859	10
returns	5860	6
videos	5861	10
discl	5862	10
famous	5863	11
River	5866	0
candidates	5871	6
percentage	5873	10
visual	5874	4
thank	5875	2
trouble	5876	5
prove	5879	2
enh	5881	10
connected	5884	1
possibility	5885	10
expert	5887	6
library	5888	8
fellow	5891	5
dry	5894	11
signs	5895	7
quiet	5897	5
pure	5899	11
filled	5901	1
unable	5906	5
vast	5909	11
identify	5911	2
Carolina	5913	0
prote	5915	10
fish	5916	4
circumstances	5917	6
bodies	5920	7
developing	5922	4
experienced	5924	1
substant	5925	10
domestic	5928	4
combined	5929	1
chemical	5931	4
pool	5933	3
egg	5935	10
hurt	5938	5
markets	5939	6
conservative	5940	10
supporters	5941	6
agencies	5942	6
temperature	5951	8
conducted	5952	1
pulled	5954	10
fol	5955	10
advance	5963	3
license	5964	10
Jon	5966	10
imagine	5967	2
fixed	5969	11
incor	5970	10
surprise	5975	5
craft	5977	3
Jul	5979	10
dial	5980	10
relevant	5981	11
entered	5982	1
leads	5983	1
pictures	5986	7
alt	5988	10
paying	5989	5
updates	5992	6
greatest	6000	5
height	6001	3
heav	6002	10
listen	6004	2
capable	6007	5
perspect	6009	10
offering	6011	5
bright	6016	11
suppl	6019	10
Virginia	6025	0
Lu	6026	0
planned	6027	1
pit	6028	10
sweet	6029	5
typically	6032	1
Francisco	6033	0
prospect	6034	10
Dan	6035	0
teen	6036	10
sched	6038	10
hol	6039	10
scr	6040	10
lots	6041	5
newsp	6043	10
forget	6044	2
Ryan	6047	10
severe	6049	11
suit	6050	3
correspond	6053	10
explos	6054	10
flag	6056	3
prin	6059	10
deploy	6061	10
thoughts	6066	7
matters	6067	6
adapt	6068	2
Ari	6069	10
fill	6070	2
forth	6071	10
payment	6074	6
spring	6076	3
losing	6078	5
bringing	6079	5
distribution	6082	8
Israeli	6085	0
combination	6087	8
plenty	6088	5
Haw	6091	10
perman	6092	10
tow	6094	10
seeking	6095	5
examples	6096	7
classes	6097	7
beer	6099	10
moves	6100	7
IP	6101	10
panel	6103	8
properly	6105	5
ris	6106	10
plug	6107	10
estimated	6108	1
defensive	6110	10
pregn	6112	10
instit	6113	10
volume	6115	8
positions	6116	7
links	6117	7
transform	6121	2
CEO	6123	10
cas	6124	10
opponent	6125	10
tweet	6126	10
shop	6128	3
fly	6129	2
talks	6130	6
bag	6131	10
aid	6133	3
plants	6134	7
attorney	6136	10
begins	6140	1
myster	6141	10
environmental	6142	4
storage	6143	8
marg	6145	10
ske	6146	10
metal	6147	10
ordered	6149	1
remained	6150	1
loved	6151	1
prompt	6152	3
updated	6153	1
experts	6154	6
walking	6155	5
ancient	6156	4
performed	6157	1
neither	6159	5
manufacture	6161	10
Pak	6162	10
selected	6163	1
mine	6164	5
ultimately	6165	1
explan	6166	10
label	6167	3
syn	6171	10
meat	6174	10
